faithfulness,answer_relevancy,context_precision,context_recall,answer_correctness
0.13374218374218375,0.8665366229716831,0.0416666666625,0.13888888888888887,0.6714448594577319
