faithfulness,answer_relevancy,context_precision,context_recall,answer_correctness
0.08744588744588744,0.8668203746112669,0.0416666666625,0.05555555555555555,0.648395715458607
